cat1,cat2,cat2_links
Amazon Renewed,Renewed Camera & Photo,https://www.amazon.fr/gp/bestsellers/amazon-renewed/17327964031/ref=zg_bs_nav_amazon-renewed_1
Amazon Renewed,Renewed Computers & Accessories,https://www.amazon.fr/gp/bestsellers/amazon-renewed/17327958031/ref=zg_bs_nav_amazon-renewed_1
Amazon Renewed,Renewed Home & Kitchen,https://www.amazon.fr/gp/bestsellers/amazon-renewed/15806289031/ref=zg_bs_nav_amazon-renewed_1
Amazon Renewed,Renewed Laptops,https://www.amazon.fr/gp/bestsellers/amazon-renewed/17327959031/ref=zg_bs_nav_amazon-renewed_1
Amazon Renewed,Renewed Office Products,https://www.amazon.fr/gp/bestsellers/amazon-renewed/15806295031/ref=zg_bs_nav_amazon-renewed_1
Amazon Renewed,Renewed Smartphones,https://www.amazon.fr/gp/bestsellers/amazon-renewed/27176990031/ref=zg_bs_nav_amazon-renewed_1
Amazon Renewed,Renewed Tablets,https://www.amazon.fr/gp/bestsellers/amazon-renewed/17327960031/ref=zg_bs_nav_amazon-renewed_1
Amazon Renewed,Renewed Video Games,https://www.amazon.fr/gp/bestsellers/amazon-renewed/17327965031/ref=zg_bs_nav_amazon-renewed_1
Animalerie,Alimentation,https://www.amazon.fr/gp/bestsellers/pet-supplies/92039525031/ref=zg_bs_nav_pet-supplies_1
Animalerie,Aquariophilie,https://www.amazon.fr/gp/bestsellers/pet-supplies/1981900031/ref=zg_bs_nav_pet-supplies_1
Animalerie,Bassins d'agrément,https://www.amazon.fr/gp/bestsellers/pet-supplies/2036896031/ref=zg_bs_nav_pet-supplies_1
Animalerie,Chats,https://www.amazon.fr/gp/bestsellers/pet-supplies/1981902031/ref=zg_bs_nav_pet-supplies_1
Animalerie,Chevaux,https://www.amazon.fr/gp/bestsellers/pet-supplies/2036872031/ref=zg_bs_nav_pet-supplies_1
Animalerie,Chiens,https://www.amazon.fr/gp/bestsellers/pet-supplies/1981901031/ref=zg_bs_nav_pet-supplies_1
Animalerie,Insectes,https://www.amazon.fr/gp/bestsellers/pet-supplies/2036888031/ref=zg_bs_nav_pet-supplies_1
Animalerie,Oiseaux,https://www.amazon.fr/gp/bestsellers/pet-supplies/1981903031/ref=zg_bs_nav_pet-supplies_1
Animalerie,Oiseaux et animaux sauvages,https://www.amazon.fr/gp/bestsellers/pet-supplies/2036519031/ref=zg_bs_nav_pet-supplies_1
Animalerie,Petits animaux,https://www.amazon.fr/gp/bestsellers/pet-supplies/1981904031/ref=zg_bs_nav_pet-supplies_1
Animalerie,Reptiles et amphibiens,https://www.amazon.fr/gp/bestsellers/pet-supplies/2036912031/ref=zg_bs_nav_pet-supplies_1
Appareils Amazon et Accessoires,Accessoires pour appareils Amazon,https://www.amazon.fr/gp/bestsellers/amazon-devices/838317031/ref=zg_bs_nav_amazon-devices_1
Appareils Amazon et Accessoires,Appareils Amazon,https://www.amazon.fr/gp/bestsellers/amazon-devices/838795031/ref=zg_bs_nav_amazon-devices_1
Applis et Jeux,Achats,https://www.amazon.fr/gp/bestsellers/mobile-apps/9481634031/ref=zg_bs_nav_mobile-apps_1
Applis et Jeux,Actualités,https://www.amazon.fr/gp/bestsellers/mobile-apps/9481583031/ref=zg_bs_nav_mobile-apps_1
Applis et Jeux,Alimentation et gastronomie,https://www.amazon.fr/gp/bestsellers/mobile-apps/9481599031/ref=zg_bs_nav_mobile-apps_1
Applis et Jeux,Cinéma et télévision,https://www.amazon.fr/gp/bestsellers/mobile-apps/9481595031/ref=zg_bs_nav_mobile-apps_1
Applis et Jeux,Communication,https://www.amazon.fr/gp/bestsellers/mobile-apps/9481590031/ref=zg_bs_nav_mobile-apps_1
Applis et Jeux,Enfants,https://www.amazon.fr/gp/bestsellers/mobile-apps/9481604031/ref=zg_bs_nav_mobile-apps_1
Applis et Jeux,Enseignement,https://www.amazon.fr/gp/bestsellers/mobile-apps/9481597031/ref=zg_bs_nav_mobile-apps_1
Applis et Jeux,Entreprise,https://www.amazon.fr/gp/bestsellers/mobile-apps/9481588031/ref=zg_bs_nav_mobile-apps_1
Applis et Jeux,Finance,https://www.amazon.fr/gp/bestsellers/mobile-apps/9481646031/ref=zg_bs_nav_mobile-apps_1
Applis et Jeux,Gadgets,https://www.amazon.fr/gp/bestsellers/mobile-apps/9481585031/ref=zg_bs_nav_mobile-apps_1
Applis et Jeux,Hobbies et style de vie,https://www.amazon.fr/gp/bestsellers/mobile-apps/9481616031/ref=zg_bs_nav_mobile-apps_1
Applis et Jeux,Jeux,https://www.amazon.fr/gp/bestsellers/mobile-apps/9481606031/ref=zg_bs_nav_mobile-apps_1
Applis et Jeux,Livres et bandes dessinées,https://www.amazon.fr/gp/bestsellers/mobile-apps/9481609031/ref=zg_bs_nav_mobile-apps_1
Applis et Jeux,Local,https://www.amazon.fr/gp/bestsellers/mobile-apps/9481602031/ref=zg_bs_nav_mobile-apps_1
Applis et Jeux,Magazines,https://www.amazon.fr/gp/bestsellers/mobile-apps/9481611031/ref=zg_bs_nav_mobile-apps_1
Applis et Jeux,Musique et audio,https://www.amazon.fr/gp/bestsellers/mobile-apps/9481618031/ref=zg_bs_nav_mobile-apps_1
Applis et Jeux,Médical,https://www.amazon.fr/gp/bestsellers/mobile-apps/9481613031/ref=zg_bs_nav_mobile-apps_1
Applis et Jeux,Météo,https://www.amazon.fr/gp/bestsellers/mobile-apps/9481620031/ref=zg_bs_nav_mobile-apps_1
Applis et Jeux,Personnalisation,https://www.amazon.fr/gp/bestsellers/mobile-apps/9481592031/ref=zg_bs_nav_mobile-apps_1
Applis et Jeux,Photo et vidéo,https://www.amazon.fr/gp/bestsellers/mobile-apps/9481623031/ref=zg_bs_nav_mobile-apps_1
Applis et Jeux,Productivité,https://www.amazon.fr/gp/bestsellers/mobile-apps/9481625031/ref=zg_bs_nav_mobile-apps_1
Applis et Jeux,Référence,https://www.amazon.fr/gp/bestsellers/mobile-apps/9481627031/ref=zg_bs_nav_mobile-apps_1
Applis et Jeux,Santé et fitness,https://www.amazon.fr/gp/bestsellers/mobile-apps/9481632031/ref=zg_bs_nav_mobile-apps_1
Applis et Jeux,Social,https://www.amazon.fr/gp/bestsellers/mobile-apps/9481630031/ref=zg_bs_nav_mobile-apps_1
Applis et Jeux,Sport,https://www.amazon.fr/gp/bestsellers/mobile-apps/9481637031/ref=zg_bs_nav_mobile-apps_1
Applis et Jeux,Transports,https://www.amazon.fr/gp/bestsellers/mobile-apps/9481642031/ref=zg_bs_nav_mobile-apps_1
Applis et Jeux,Utilitaires,https://www.amazon.fr/gp/bestsellers/mobile-apps/9481644031/ref=zg_bs_nav_mobile-apps_1
Applis et Jeux,Voyage,https://www.amazon.fr/gp/bestsellers/mobile-apps/9481639031/ref=zg_bs_nav_mobile-apps_1
Auto et Moto,Accessoires auto,https://www.amazon.fr/gp/bestsellers/automotive/2429681031/ref=zg_bs_nav_automotive_1
Auto et Moto,Appareils GPS,https://www.amazon.fr/gp/bestsellers/automotive/2905901031/ref=zg_bs_nav_automotive_1
Auto et Moto,Cadeaux et produits dérivés,https://www.amazon.fr/gp/bestsellers/automotive/2430160031/ref=zg_bs_nav_automotive_1
Auto et Moto,Entretien voiture et moto,https://www.amazon.fr/gp/bestsellers/automotive/2429748031/ref=zg_bs_nav_automotive_1
Auto et Moto,Huiles et liquides,https://www.amazon.fr/gp/bestsellers/automotive/2429795031/ref=zg_bs_nav_automotive_1
Auto et Moto,"Motos, accessoires et pièces",https://www.amazon.fr/gp/bestsellers/automotive/2429489031/ref=zg_bs_nav_automotive_1
Auto et Moto,Outils et dépannage,https://www.amazon.fr/gp/bestsellers/automotive/2429822031/ref=zg_bs_nav_automotive_1
Auto et Moto,Peinture,https://www.amazon.fr/gp/bestsellers/automotive/2429832031/ref=zg_bs_nav_automotive_1
Auto et Moto,Pièces détachées auto,https://www.amazon.fr/gp/bestsellers/automotive/2429909031/ref=zg_bs_nav_automotive_1
Auto et Moto,Pièces et accessoires pour camping-car,https://www.amazon.fr/gp/bestsellers/automotive/2429849031/ref=zg_bs_nav_automotive_1
Auto et Moto,Pièces et équipements pour véhicules agricoles,https://www.amazon.fr/gp/bestsellers/automotive/15620676031/ref=zg_bs_nav_automotive_1
Auto et Moto,Pneus et jantes,https://www.amazon.fr/gp/bestsellers/automotive/2430148031/ref=zg_bs_nav_automotive_1
Auto et Moto,Sièges auto et accessoires,https://www.amazon.fr/gp/bestsellers/automotive/3966197031/ref=zg_bs_nav_automotive_1
Auto et Moto,Transport et rangement,https://www.amazon.fr/gp/bestsellers/automotive/2430171031/ref=zg_bs_nav_automotive_1
Auto et Moto,Électronique embarquée,https://www.amazon.fr/gp/bestsellers/automotive/3013864031/ref=zg_bs_nav_automotive_1
Beauté et Parfum,Accessoires,https://www.amazon.fr/gp/bestsellers/beauty/210992031/ref=zg_bs_nav_beauty_1
Beauté et Parfum,"Bain, savons et soins du corps",https://www.amazon.fr/gp/bestsellers/beauty/212073031/ref=zg_bs_nav_beauty_1
Beauté et Parfum,Coiffure et soins des cheveux,https://www.amazon.fr/gp/bestsellers/beauty/211038031/ref=zg_bs_nav_beauty_1
Beauté et Parfum,Manucure & Pédicure,https://www.amazon.fr/gp/bestsellers/beauty/211005031/ref=zg_bs_nav_beauty_1
Beauté et Parfum,Maquillage,https://www.amazon.fr/gp/bestsellers/beauty/210972031/ref=zg_bs_nav_beauty_1
Beauté et Parfum,Parfums,https://www.amazon.fr/gp/bestsellers/beauty/210965031/ref=zg_bs_nav_beauty_1
Beauté et Parfum,Soins pour la Peau,https://www.amazon.fr/gp/bestsellers/beauty/211020031/ref=zg_bs_nav_beauty_1
Beauté et Parfum,Trousses de toilette,https://www.amazon.fr/gp/bestsellers/beauty/1718658031/ref=zg_bs_nav_beauty_1
Beauté et Parfum,Vanity,https://www.amazon.fr/gp/bestsellers/beauty/1765028031/ref=zg_bs_nav_beauty_1
Bébé et Puériculture,Apprentissage de la propreté,https://www.amazon.fr/gp/bestsellers/baby/3966365031/ref=zg_bs_nav_baby_1
Bébé et Puériculture,Cadeaux de naissance et souvenirs,https://www.amazon.fr/gp/bestsellers/baby/3966233031/ref=zg_bs_nav_baby_1
Bébé et Puériculture,Chaussures,https://www.amazon.fr/gp/bestsellers/baby/1765048031/ref=zg_bs_nav_baby_1
Bébé et Puériculture,Eveil et jouets,https://www.amazon.fr/gp/bestsellers/baby/3966141031/ref=zg_bs_nav_baby_1
Bébé et Puériculture,Jouets d'éveil et 1er âge,https://www.amazon.fr/gp/bestsellers/baby/363496031/ref=zg_bs_nav_baby_1
Bébé et Puériculture,La chambre de bébé,https://www.amazon.fr/gp/bestsellers/baby/3966242031/ref=zg_bs_nav_baby_1
Bébé et Puériculture,Le change,https://www.amazon.fr/gp/bestsellers/baby/3966215031/ref=zg_bs_nav_baby_1
Bébé et Puériculture,Le repas de bébé,https://www.amazon.fr/gp/bestsellers/baby/3966330031/ref=zg_bs_nav_baby_1
Bébé et Puériculture,Porte-bébés,https://www.amazon.fr/gp/bestsellers/baby/3966192031/ref=zg_bs_nav_baby_1
Bébé et Puériculture,Poussettes et landaus,https://www.amazon.fr/gp/bestsellers/baby/3966371031/ref=zg_bs_nav_baby_1
Bébé et Puériculture,Remorques vélos et accessoires,https://www.amazon.fr/gp/bestsellers/baby/3966416031/ref=zg_bs_nav_baby_1
Bébé et Puériculture,Sièges auto et accessoires,https://www.amazon.fr/gp/bestsellers/baby/3966197031/ref=zg_bs_nav_baby_1
Bébé et Puériculture,Sucettes et anneaux de dentition,https://www.amazon.fr/gp/bestsellers/baby/3966411031/ref=zg_bs_nav_baby_1
Bébé et Puériculture,Sécurité,https://www.amazon.fr/gp/bestsellers/baby/3966393031/ref=zg_bs_nav_baby_1
Bébé et Puériculture,Toilette de bébé,https://www.amazon.fr/gp/bestsellers/baby/3966146031/ref=zg_bs_nav_baby_1
Bébé et Puériculture,Vêtements,https://www.amazon.fr/gp/bestsellers/baby/436563031/ref=zg_bs_nav_baby_1
Bébé et Puériculture,Vêtements grossesse et maternité,https://www.amazon.fr/gp/bestsellers/baby/214944031/ref=zg_bs_nav_baby_1
Boutique cartes cadeaux,A imprimer,https://www.amazon.fr/gp/bestsellers/gift-cards/92039519031/ref=zg_bs_nav_gift-cards_1
Boutique cartes cadeaux,Amour,https://www.amazon.fr/gp/bestsellers/gift-cards/92039518031/ref=zg_bs_nav_gift-cards_1
Boutique cartes cadeaux,Anniversaire,https://www.amazon.fr/gp/bestsellers/gift-cards/92039513031/ref=zg_bs_nav_gift-cards_1
Boutique cartes cadeaux,Dans un coffret,https://www.amazon.fr/gp/bestsellers/gift-cards/92039523031/ref=zg_bs_nav_gift-cards_1
Boutique cartes cadeaux,Dans une carte de vœux,https://www.amazon.fr/gp/bestsellers/gift-cards/92039512031/ref=zg_bs_nav_gift-cards_1
Boutique cartes cadeaux,Envoi par e-mail,https://www.amazon.fr/gp/bestsellers/gift-cards/92039524031/ref=zg_bs_nav_gift-cards_1
Boutique cartes cadeaux,Femme,https://www.amazon.fr/gp/bestsellers/gift-cards/92039521031/ref=zg_bs_nav_gift-cards_1
Boutique cartes cadeaux,Félicitations,https://www.amazon.fr/gp/bestsellers/gift-cards/92039514031/ref=zg_bs_nav_gift-cards_1
Boutique cartes cadeaux,Fête des Mères,https://www.amazon.fr/gp/bestsellers/gift-cards/92039516031/ref=zg_bs_nav_gift-cards_1
Boutique cartes cadeaux,Fête des Pères,https://www.amazon.fr/gp/bestsellers/gift-cards/92039511031/ref=zg_bs_nav_gift-cards_1
Boutique cartes cadeaux,Homme,https://www.amazon.fr/gp/bestsellers/gift-cards/92039517031/ref=zg_bs_nav_gift-cards_1
Boutique cartes cadeaux,Mariage et Fiançailles,https://www.amazon.fr/gp/bestsellers/gift-cards/92039510031/ref=zg_bs_nav_gift-cards_1
Boutique cartes cadeaux,Merci,https://www.amazon.fr/gp/bestsellers/gift-cards/92039515031/ref=zg_bs_nav_gift-cards_1
Boutique cartes cadeaux,Naissance,https://www.amazon.fr/gp/bestsellers/gift-cards/92039522031/ref=zg_bs_nav_gift-cards_1
Boutique cartes cadeaux,Noël,https://www.amazon.fr/gp/bestsellers/gift-cards/92039520031/ref=zg_bs_nav_gift-cards_1
Boutique Kindle,Ebooks Kindle,https://www.amazon.fr/gp/bestsellers/digital-text/695398031/ref=zg_bs_nav_digital-text_1
Boutique Kindle,Journaux Kindle,https://www.amazon.fr/gp/bestsellers/digital-text/695400031/ref=zg_bs_nav_digital-text_1
Boutique Kindle,Magazines Kindle,https://www.amazon.fr/gp/bestsellers/digital-text/695399031/ref=zg_bs_nav_digital-text_1
Boutique Kindle,Prime Reading,https://www.amazon.fr/gp/bestsellers/digital-text/14803913031/ref=zg_bs_nav_digital-text_1
Bricolage,Cheminées,https://www.amazon.fr/gp/bestsellers/hi/1787880031/ref=zg_bs_nav_hi_1
Bricolage,Construction,https://www.amazon.fr/gp/bestsellers/hi/1716190031/ref=zg_bs_nav_hi_1
Bricolage,Cuisines et salles de bain,https://www.amazon.fr/gp/bestsellers/hi/1716193031/ref=zg_bs_nav_hi_1
Bricolage,Outillage à main et électroportatif,https://www.amazon.fr/gp/bestsellers/hi/1716189031/ref=zg_bs_nav_hi_1
Bricolage,"Peintures, outils et traitement des murs",https://www.amazon.fr/gp/bestsellers/hi/1787883031/ref=zg_bs_nav_hi_1
Bricolage,Plomberie,https://www.amazon.fr/gp/bestsellers/hi/1787884031/ref=zg_bs_nav_hi_1
Bricolage,Quincaillerie,https://www.amazon.fr/gp/bestsellers/hi/1716191031/ref=zg_bs_nav_hi_1
Bricolage,Rangement et organisation,https://www.amazon.fr/gp/bestsellers/hi/1787886031/ref=zg_bs_nav_hi_1
Bricolage,Sécurité,https://www.amazon.fr/gp/bestsellers/hi/1787885031/ref=zg_bs_nav_hi_1
Bricolage,Tondeuses et outillage de jardin motorisé,https://www.amazon.fr/gp/bestsellers/hi/1787882031/ref=zg_bs_nav_hi_1
Bricolage,Électricité,https://www.amazon.fr/gp/bestsellers/hi/1716192031/ref=zg_bs_nav_hi_1
CD et Vinyles,Alternatif et Musique Indé,https://www.amazon.fr/gp/bestsellers/music/415476/ref=zg_bs_nav_music_1
CD et Vinyles,Bandes originales,https://www.amazon.fr/gp/bestsellers/music/301171/ref=zg_bs_nav_music_1
CD et Vinyles,Blues,https://www.amazon.fr/gp/bestsellers/music/3612171/ref=zg_bs_nav_music_1
CD et Vinyles,Chanson française,https://www.amazon.fr/gp/bestsellers/music/301165/ref=zg_bs_nav_music_1
CD et Vinyles,Chanson pour enfant et comptines,https://www.amazon.fr/gp/bestsellers/music/415454/ref=zg_bs_nav_music_1
CD et Vinyles,Coffret,https://www.amazon.fr/gp/bestsellers/music/21436282031/ref=zg_bs_nav_music_1
CD et Vinyles,Compilations,https://www.amazon.fr/gp/bestsellers/music/92039497031/ref=zg_bs_nav_music_1
CD et Vinyles,Comédie et textes lus,https://www.amazon.fr/gp/bestsellers/music/356932031/ref=zg_bs_nav_music_1
CD et Vinyles,Comédies musicales et cabarets,https://www.amazon.fr/gp/bestsellers/music/5728085031/ref=zg_bs_nav_music_1
CD et Vinyles,Country,https://www.amazon.fr/gp/bestsellers/music/415598/ref=zg_bs_nav_music_1
CD et Vinyles,Dance et Musique Electro,https://www.amazon.fr/gp/bestsellers/music/301168/ref=zg_bs_nav_music_1
CD et Vinyles,Divers,https://www.amazon.fr/gp/bestsellers/music/356658031/ref=zg_bs_nav_music_1
CD et Vinyles,"Films de concerts, albums live",https://www.amazon.fr/gp/bestsellers/music/5728062031/ref=zg_bs_nav_music_1
CD et Vinyles,Folk,https://www.amazon.fr/gp/bestsellers/music/301173/ref=zg_bs_nav_music_1
CD et Vinyles,Hard Rock et Metal,https://www.amazon.fr/gp/bestsellers/music/301170/ref=zg_bs_nav_music_1
CD et Vinyles,Jazz,https://www.amazon.fr/gp/bestsellers/music/301175/ref=zg_bs_nav_music_1
CD et Vinyles,Musique classique,https://www.amazon.fr/gp/bestsellers/music/301174/ref=zg_bs_nav_music_1
CD et Vinyles,Musique d'ambiance,https://www.amazon.fr/gp/bestsellers/music/415580/ref=zg_bs_nav_music_1
CD et Vinyles,Musique internationale,https://www.amazon.fr/gp/bestsellers/music/7145565031/ref=zg_bs_nav_music_1
CD et Vinyles,New Age et meditation,https://www.amazon.fr/gp/bestsellers/music/541606/ref=zg_bs_nav_music_1
CD et Vinyles,Pop,https://www.amazon.fr/gp/bestsellers/music/761322/ref=zg_bs_nav_music_1
CD et Vinyles,"R&B, Soul et Funk",https://www.amazon.fr/gp/bestsellers/music/301169/ref=zg_bs_nav_music_1
CD et Vinyles,Rap et Hip-Hop,https://www.amazon.fr/gp/bestsellers/music/700010011/ref=zg_bs_nav_music_1
CD et Vinyles,Reggae,https://www.amazon.fr/gp/bestsellers/music/525756/ref=zg_bs_nav_music_1
CD et Vinyles,Rock,https://www.amazon.fr/gp/bestsellers/music/3065251/ref=zg_bs_nav_music_1
CD et Vinyles,Vinyle,https://www.amazon.fr/gp/bestsellers/music/21436283031/ref=zg_bs_nav_music_1
Climate Pledge Friendly,Climate Pledge Friendly: Achetez tout,https://www.amazon.fr/gp/bestsellers/climate-pledge/66009879031/ref=zg_bs_nav_climate-pledge_1
"Commerce, Industrie et Science",Filtrage,https://www.amazon.fr/gp/bestsellers/industrial/6310404031/ref=zg_bs_nav_industrial_1
"Commerce, Industrie et Science",Fournitures de conditionnement et d'expédition,https://www.amazon.fr/gp/bestsellers/industrial/10154049031/ref=zg_bs_nav_industrial_1
"Commerce, Industrie et Science",Fournitures de nettoyage et d'entretien,https://www.amazon.fr/gp/bestsellers/industrial/6605147031/ref=zg_bs_nav_industrial_1
"Commerce, Industrie et Science",Fournitures médicales professionnelles,https://www.amazon.fr/gp/bestsellers/industrial/6606198031/ref=zg_bs_nav_industrial_1
"Commerce, Industrie et Science",Fournitures éducatives,https://www.amazon.fr/gp/bestsellers/industrial/16241512031/ref=zg_bs_nav_industrial_1
"Commerce, Industrie et Science","Hydraulique, pneumatique et plomberie",https://www.amazon.fr/gp/bestsellers/industrial/6310405031/ref=zg_bs_nav_industrial_1
"Commerce, Industrie et Science",Impression et numérisation 3D,https://www.amazon.fr/gp/bestsellers/industrial/6606604031/ref=zg_bs_nav_industrial_1
"Commerce, Industrie et Science",Matières premières,https://www.amazon.fr/gp/bestsellers/industrial/6310412031/ref=zg_bs_nav_industrial_1
"Commerce, Industrie et Science",Outils de coupe,https://www.amazon.fr/gp/bestsellers/industrial/6310402031/ref=zg_bs_nav_industrial_1
"Commerce, Industrie et Science",Outils manuels et électriques,https://www.amazon.fr/gp/bestsellers/industrial/6606374031/ref=zg_bs_nav_industrial_1
"Commerce, Industrie et Science",Produits abrasifs et de finition,https://www.amazon.fr/gp/bestsellers/industrial/6310400031/ref=zg_bs_nav_industrial_1
"Commerce, Industrie et Science",Produits de manutention,https://www.amazon.fr/gp/bestsellers/industrial/6310408031/ref=zg_bs_nav_industrial_1
"Commerce, Industrie et Science",Produits professionnels de sécurité et de santé,https://www.amazon.fr/gp/bestsellers/industrial/6605267031/ref=zg_bs_nav_industrial_1
"Commerce, Industrie et Science",Produits scientifiques et de laboratoire,https://www.amazon.fr/gp/bestsellers/industrial/6605337031/ref=zg_bs_nav_industrial_1
"Commerce, Industrie et Science",Test et mesurage,https://www.amazon.fr/gp/bestsellers/industrial/6606404031/ref=zg_bs_nav_industrial_1
"Commerce, Industrie et Science",Énergie solaire et éolienne,https://www.amazon.fr/gp/bestsellers/industrial/14897195031/ref=zg_bs_nav_industrial_1
"Commerce, Industrie et Science",Équipement de transmission d'énergie,https://www.amazon.fr/gp/bestsellers/industrial/6310410031/ref=zg_bs_nav_industrial_1
"Commerce, Industrie et Science",Équipement dentaire,https://www.amazon.fr/gp/bestsellers/industrial/6310411031/ref=zg_bs_nav_industrial_1
"Commerce, Industrie et Science",Équipement et fournitures agricoles,https://www.amazon.fr/gp/bestsellers/industrial/15791046031/ref=zg_bs_nav_industrial_1
"Commerce, Industrie et Science",Équipement pour magasins et rayonnage,https://www.amazon.fr/gp/bestsellers/industrial/6310413031/ref=zg_bs_nav_industrial_1
"Commerce, Industrie et Science",Équipement électrique industriel,https://www.amazon.fr/gp/bestsellers/industrial/6310406031/ref=zg_bs_nav_industrial_1
"Commerce, Industrie et Science",Équipements et fournitures de restauration,https://www.amazon.fr/gp/bestsellers/industrial/10153399031/ref=zg_bs_nav_industrial_1
Cuisine et Maison,Ameublement et décoration,https://www.amazon.fr/gp/bestsellers/kitchen/57694031/ref=zg_bs_nav_kitchen_1
Cuisine et Maison,"Aspirateurs, entretien des sols et nettoyeurs de vitres",https://www.amazon.fr/gp/bestsellers/kitchen/3575195031/ref=zg_bs_nav_kitchen_1
Cuisine et Maison,Brassage et vinification maison,https://www.amazon.fr/gp/bestsellers/kitchen/3577447031/ref=zg_bs_nav_kitchen_1
Cuisine et Maison,"Café, thé et expresso",https://www.amazon.fr/gp/bestsellers/kitchen/57692031/ref=zg_bs_nav_kitchen_1
Cuisine et Maison,"Casseroles, plats et poêles",https://www.amazon.fr/gp/bestsellers/kitchen/32039698031/ref=zg_bs_nav_kitchen_1
Cuisine et Maison,Chauffage et climatisation,https://www.amazon.fr/gp/bestsellers/kitchen/3332669031/ref=zg_bs_nav_kitchen_1
Cuisine et Maison,Couteaux et ustensiles de cuisine,https://www.amazon.fr/gp/bestsellers/kitchen/57698031/ref=zg_bs_nav_kitchen_1
Cuisine et Maison,"Fers, centrales vapeur et accessoires",https://www.amazon.fr/gp/bestsellers/kitchen/3575172031/ref=zg_bs_nav_kitchen_1
Cuisine et Maison,"Fontaines à eau, filtres et cartouches",https://www.amazon.fr/gp/bestsellers/kitchen/58465031/ref=zg_bs_nav_kitchen_1
Cuisine et Maison,Gros électroménager,https://www.amazon.fr/gp/bestsellers/kitchen/57695031/ref=zg_bs_nav_kitchen_1
Cuisine et Maison,Loisirs créatifs,https://www.amazon.fr/gp/bestsellers/kitchen/72585031/ref=zg_bs_nav_kitchen_1
Cuisine et Maison,Petit électroménager,https://www.amazon.fr/gp/bestsellers/kitchen/57696031/ref=zg_bs_nav_kitchen_1
Cuisine et Maison,Produits et accessoires de nettoyage,https://www.amazon.fr/gp/bestsellers/kitchen/3575157031/ref=zg_bs_nav_kitchen_1
Cuisine et Maison,Pâtisserie,https://www.amazon.fr/gp/bestsellers/kitchen/57873031/ref=zg_bs_nav_kitchen_1
Cuisine et Maison,Rangement et organisation,https://www.amazon.fr/gp/bestsellers/kitchen/2916060031/ref=zg_bs_nav_kitchen_1
Cuisine et Maison,"Tableaux, posters et arts décoratifs",https://www.amazon.fr/gp/bestsellers/kitchen/2988844031/ref=zg_bs_nav_kitchen_1
Cuisine et Maison,Vaisselle et arts de la table,https://www.amazon.fr/gp/bestsellers/kitchen/57691031/ref=zg_bs_nav_kitchen_1
DVD et Blu-ray,Action et aventure,https://www.amazon.fr/gp/bestsellers/dvd/9899814031/ref=zg_bs_nav_dvd_1
DVD et Blu-ray,Animation,https://www.amazon.fr/gp/bestsellers/dvd/9899815031/ref=zg_bs_nav_dvd_1
DVD et Blu-ray,Animation japonaise,https://www.amazon.fr/gp/bestsellers/dvd/9899816031/ref=zg_bs_nav_dvd_1
DVD et Blu-ray,Blu-ray,https://www.amazon.fr/gp/bestsellers/dvd/6265437031/ref=zg_bs_nav_dvd_1
DVD et Blu-ray,Bollywood,https://www.amazon.fr/gp/bestsellers/dvd/9899817031/ref=zg_bs_nav_dvd_1
DVD et Blu-ray,Cinéma asiatique,https://www.amazon.fr/gp/bestsellers/dvd/9838951031/ref=zg_bs_nav_dvd_1
DVD et Blu-ray,Cinéma du monde,https://www.amazon.fr/gp/bestsellers/dvd/9899819031/ref=zg_bs_nav_dvd_1
DVD et Blu-ray,Comédie,https://www.amazon.fr/gp/bestsellers/dvd/9900119031/ref=zg_bs_nav_dvd_1
DVD et Blu-ray,Documentaires,https://www.amazon.fr/gp/bestsellers/dvd/9899821031/ref=zg_bs_nav_dvd_1
DVD et Blu-ray,Drame et émotion,https://www.amazon.fr/gp/bestsellers/dvd/9899822031/ref=zg_bs_nav_dvd_1
DVD et Blu-ray,"Enfants, jeunesse et famille",https://www.amazon.fr/gp/bestsellers/dvd/9899824031/ref=zg_bs_nav_dvd_1
DVD et Blu-ray,Fantastique,https://www.amazon.fr/gp/bestsellers/dvd/9899825031/ref=zg_bs_nav_dvd_1
DVD et Blu-ray,Films musicaux,https://www.amazon.fr/gp/bestsellers/dvd/9838953031/ref=zg_bs_nav_dvd_1
DVD et Blu-ray,Fitness,https://www.amazon.fr/gp/bestsellers/dvd/9899827031/ref=zg_bs_nav_dvd_1
DVD et Blu-ray,Foi et spiritualité,https://www.amazon.fr/gp/bestsellers/dvd/9899828031/ref=zg_bs_nav_dvd_1
DVD et Blu-ray,"Gay, lesbien et transexuel",https://www.amazon.fr/gp/bestsellers/dvd/9899829031/ref=zg_bs_nav_dvd_1
DVD et Blu-ray,Guerre,https://www.amazon.fr/gp/bestsellers/dvd/9899830031/ref=zg_bs_nav_dvd_1
DVD et Blu-ray,Histoire,https://www.amazon.fr/gp/bestsellers/dvd/9899831031/ref=zg_bs_nav_dvd_1
DVD et Blu-ray,Horreur et épouvante,https://www.amazon.fr/gp/bestsellers/dvd/9899832031/ref=zg_bs_nav_dvd_1
DVD et Blu-ray,Loisirs et passions,https://www.amazon.fr/gp/bestsellers/dvd/9899847031/ref=zg_bs_nav_dvd_1
DVD et Blu-ray,Musique,https://www.amazon.fr/gp/bestsellers/dvd/9899835031/ref=zg_bs_nav_dvd_1
DVD et Blu-ray,Policier,https://www.amazon.fr/gp/bestsellers/dvd/9899836031/ref=zg_bs_nav_dvd_1
DVD et Blu-ray,Romance,https://www.amazon.fr/gp/bestsellers/dvd/9899837031/ref=zg_bs_nav_dvd_1
DVD et Blu-ray,Science-fiction,https://www.amazon.fr/gp/bestsellers/dvd/9899838031/ref=zg_bs_nav_dvd_1
DVD et Blu-ray,Spectacles,https://www.amazon.fr/gp/bestsellers/dvd/9899839031/ref=zg_bs_nav_dvd_1
DVD et Blu-ray,Sport,https://www.amazon.fr/gp/bestsellers/dvd/9899840031/ref=zg_bs_nav_dvd_1
DVD et Blu-ray,Séries TV,https://www.amazon.fr/gp/bestsellers/dvd/409468/ref=zg_bs_nav_dvd_1
DVD et Blu-ray,Thriller,https://www.amazon.fr/gp/bestsellers/dvd/9899842031/ref=zg_bs_nav_dvd_1
DVD et Blu-ray,Télé réalité,https://www.amazon.fr/gp/bestsellers/dvd/9899843031/ref=zg_bs_nav_dvd_1
DVD et Blu-ray,Western,https://www.amazon.fr/gp/bestsellers/dvd/9899844031/ref=zg_bs_nav_dvd_1
DVD et Blu-ray,Érotisme,https://www.amazon.fr/gp/bestsellers/dvd/9899845031/ref=zg_bs_nav_dvd_1
Epicerie,Alimentation bébé,https://www.amazon.fr/gp/bestsellers/grocery/6356706031/ref=zg_bs_nav_grocery_1
Epicerie,"Bières, vins et spiritueux",https://www.amazon.fr/gp/bestsellers/grocery/6356830031/ref=zg_bs_nav_grocery_1
Epicerie,"Café, thé et boissons",https://www.amazon.fr/gp/bestsellers/grocery/6357056031/ref=zg_bs_nav_grocery_1
Epicerie,"Confiture, miel et pâte à tartiner",https://www.amazon.fr/gp/bestsellers/grocery/6357176031/ref=zg_bs_nav_grocery_1
Epicerie,"Conserves, bocaux et plats cuisinés",https://www.amazon.fr/gp/bestsellers/grocery/6357191031/ref=zg_bs_nav_grocery_1
Epicerie,Céréales pour petit-déjeuner,https://www.amazon.fr/gp/bestsellers/grocery/88363339031/ref=zg_bs_nav_grocery_1
Epicerie,En-cas et friandises,https://www.amazon.fr/gp/bestsellers/grocery/27861662031/ref=zg_bs_nav_grocery_1
Epicerie,Entretien de la maison et nettoyage,https://www.amazon.fr/gp/bestsellers/grocery/6357403031/ref=zg_bs_nav_grocery_1
Epicerie,Fruits et légumes frais,https://www.amazon.fr/gp/bestsellers/grocery/6359809031/ref=zg_bs_nav_grocery_1
Epicerie,"Huiles, vinaigres et sauces salade",https://www.amazon.fr/gp/bestsellers/grocery/6359425031/ref=zg_bs_nav_grocery_1
Epicerie,Ingrédients de cuisine et pâtisserie,https://www.amazon.fr/gp/bestsellers/grocery/6359479031/ref=zg_bs_nav_grocery_1
Epicerie,Pains et pâtisseries,https://www.amazon.fr/gp/bestsellers/grocery/6356936031/ref=zg_bs_nav_grocery_1
Epicerie,Paniers gourmands et coffrets cadeaux gourmets,https://www.amazon.fr/gp/bestsellers/grocery/6359755031/ref=zg_bs_nav_grocery_1
Epicerie,Produits de la mer,https://www.amazon.fr/gp/bestsellers/grocery/6389757031/ref=zg_bs_nav_grocery_1
Epicerie,Produits frais et plats préparés,https://www.amazon.fr/gp/bestsellers/grocery/21902285031/ref=zg_bs_nav_grocery_1
Epicerie,"Produits laitiers, œufs et substituts végétaux",https://www.amazon.fr/gp/bestsellers/grocery/6359810031/ref=zg_bs_nav_grocery_1
Epicerie,Protéines végétales,https://www.amazon.fr/gp/bestsellers/grocery/6389794031/ref=zg_bs_nav_grocery_1
Epicerie,"Pâtes, riz et céréales",https://www.amazon.fr/gp/bestsellers/grocery/6359664031/ref=zg_bs_nav_grocery_1
Epicerie,Sauces et bases culinaires,https://www.amazon.fr/gp/bestsellers/grocery/6389401031/ref=zg_bs_nav_grocery_1
Epicerie,"Sels, poivres et épices",https://www.amazon.fr/gp/bestsellers/grocery/6357520031/ref=zg_bs_nav_grocery_1
Epicerie,Surgelé,https://www.amazon.fr/gp/bestsellers/grocery/6389463031/ref=zg_bs_nav_grocery_1
Epicerie,Viande et volaille,https://www.amazon.fr/gp/bestsellers/grocery/22249339031/ref=zg_bs_nav_grocery_1
Fournitures de bureau,"Calendriers, agendas et organiseurs",https://www.amazon.fr/gp/bestsellers/officeproduct/197766031/ref=zg_bs_nav_officeproduct_1
Fournitures de bureau,Enveloppes et fournitures d'expédition,https://www.amazon.fr/gp/bestsellers/officeproduct/197765031/ref=zg_bs_nav_officeproduct_1
Fournitures de bureau,Fournitures d'école,https://www.amazon.fr/gp/bestsellers/officeproduct/197763031/ref=zg_bs_nav_officeproduct_1
Fournitures de bureau,Fournitures électroniques,https://www.amazon.fr/gp/bestsellers/officeproduct/197762031/ref=zg_bs_nav_officeproduct_1
Fournitures de bureau,Mobilier et éclairage,https://www.amazon.fr/gp/bestsellers/officeproduct/197760031/ref=zg_bs_nav_officeproduct_1
Fournitures de bureau,Papeterie,https://www.amazon.fr/gp/bestsellers/officeproduct/197761031/ref=zg_bs_nav_officeproduct_1
Fournitures de bureau,Petites fournitures,https://www.amazon.fr/gp/bestsellers/officeproduct/197759031/ref=zg_bs_nav_officeproduct_1
Fournitures de bureau,Écriture,https://www.amazon.fr/gp/bestsellers/officeproduct/197764031/ref=zg_bs_nav_officeproduct_1
Gros électroménager,"Fours, cuisinières et tables de cuisson",https://www.amazon.fr/gp/bestsellers/appliances/13519571031/ref=zg_bs_nav_appliances_1
Gros électroménager,Kitchenettes,https://www.amazon.fr/gp/bestsellers/appliances/1387406031/ref=zg_bs_nav_appliances_1
Gros électroménager,Lave-linges et sèche-linges,https://www.amazon.fr/gp/bestsellers/appliances/1387423031/ref=zg_bs_nav_appliances_1
Gros électroménager,Lave-vaisselles,https://www.amazon.fr/gp/bestsellers/appliances/57847031/ref=zg_bs_nav_appliances_1
Gros électroménager,Pièces et accessoires,https://www.amazon.fr/gp/bestsellers/appliances/57935031/ref=zg_bs_nav_appliances_1
Gros électroménager,"Réfrigérateurs, congélateurs et machines à glaçons",https://www.amazon.fr/gp/bestsellers/appliances/13519569031/ref=zg_bs_nav_appliances_1
Gros électroménager,Stockage et distributeurs de bière et de vin,https://www.amazon.fr/gp/bestsellers/appliances/17940383031/ref=zg_bs_nav_appliances_1
High-Tech,Audio et vidéo portable,https://www.amazon.fr/gp/bestsellers/electronics/1455795031/ref=zg_bs_nav_electronics_1
High-Tech,Electronique embarquée,https://www.amazon.fr/gp/bestsellers/electronics/1458495031/ref=zg_bs_nav_electronics_1
High-Tech,GPS et accessoires,https://www.amazon.fr/gp/bestsellers/electronics/13910721/ref=zg_bs_nav_electronics_1
High-Tech,Garanties,https://www.amazon.fr/gp/bestsellers/electronics/1461676031/ref=zg_bs_nav_electronics_1
High-Tech,Informatique,https://www.amazon.fr/gp/bestsellers/electronics/2908498031/ref=zg_bs_nav_electronics_1
High-Tech,Liseuses et accessoires,https://www.amazon.fr/gp/bestsellers/electronics/1408278031/ref=zg_bs_nav_electronics_1
High-Tech,Photo et caméscopes,https://www.amazon.fr/gp/bestsellers/electronics/13910691/ref=zg_bs_nav_electronics_1
High-Tech,"Piles, chargeurs et testeurs",https://www.amazon.fr/gp/bestsellers/electronics/412624031/ref=zg_bs_nav_electronics_1
High-Tech,Radios et accessoires,https://www.amazon.fr/gp/bestsellers/electronics/1408259031/ref=zg_bs_nav_electronics_1
High-Tech,"TV, vidéo et home cinéma",https://www.amazon.fr/gp/bestsellers/electronics/13910681/ref=zg_bs_nav_electronics_1
High-Tech,Tablettes PC,https://www.amazon.fr/gp/bestsellers/electronics/429882031/ref=zg_bs_nav_electronics_1
High-Tech,"Téléphones fixes, VoIP et accessoires",https://www.amazon.fr/gp/bestsellers/electronics/14060591/ref=zg_bs_nav_electronics_1
High-Tech,Téléphones portables et accessoires,https://www.amazon.fr/gp/bestsellers/electronics/14060661/ref=zg_bs_nav_electronics_1
High-Tech,Univers Hi-Fi,https://www.amazon.fr/gp/bestsellers/electronics/1455794031/ref=zg_bs_nav_electronics_1
Hygiène et Santé,"Bain, savons et soins du corps",https://www.amazon.fr/gp/bestsellers/hpc/212073031/ref=zg_bs_nav_hpc_1
Hygiène et Santé,Bien-être et massage,https://www.amazon.fr/gp/bestsellers/hpc/212167031/ref=zg_bs_nav_hpc_1
Hygiène et Santé,Coiffure et soins des cheveux,https://www.amazon.fr/gp/bestsellers/hpc/211038031/ref=zg_bs_nav_hpc_1
Hygiène et Santé,Hygiène dentaire,https://www.amazon.fr/gp/bestsellers/hpc/212130031/ref=zg_bs_nav_hpc_1
Hygiène et Santé,Hygiène et soins intimes,https://www.amazon.fr/gp/bestsellers/hpc/22750169031/ref=zg_bs_nav_hpc_1
Hygiène et Santé,Matériel et fournitures médicales,https://www.amazon.fr/gp/bestsellers/hpc/3160836031/ref=zg_bs_nav_hpc_1
Hygiène et Santé,Nutrition & Diététique,https://www.amazon.fr/gp/bestsellers/hpc/212036031/ref=zg_bs_nav_hpc_1
Hygiène et Santé,Optique et lentilles,https://www.amazon.fr/gp/bestsellers/hpc/212141031/ref=zg_bs_nav_hpc_1
Hygiène et Santé,Rasage et Épilation,https://www.amazon.fr/gp/bestsellers/hpc/211039031/ref=zg_bs_nav_hpc_1
Hygiène et Santé,Santé et premiers soins,https://www.amazon.fr/gp/bestsellers/hpc/3162253031/ref=zg_bs_nav_hpc_1
Hygiène et Santé,Soin du bébé,https://www.amazon.fr/gp/bestsellers/hpc/494837031/ref=zg_bs_nav_hpc_1
Hygiène et Santé,"Vitamines, minéraux et compléments",https://www.amazon.fr/gp/bestsellers/hpc/212045031/ref=zg_bs_nav_hpc_1
Hygiène et Santé,"Érotisme, Sexe & Sensualité",https://www.amazon.fr/gp/bestsellers/hpc/212217031/ref=zg_bs_nav_hpc_1
Informatique,Accessoires,https://www.amazon.fr/gp/bestsellers/computers/427942031/ref=zg_bs_nav_computers_1
Informatique,Ardoises numériques et eWriters,https://www.amazon.fr/gp/bestsellers/computers/15424894031/ref=zg_bs_nav_computers_1
Informatique,Barebones,https://www.amazon.fr/gp/bestsellers/computers/430337031/ref=zg_bs_nav_computers_1
Informatique,Composants et pièces de remplacement,https://www.amazon.fr/gp/bestsellers/computers/427941031/ref=zg_bs_nav_computers_1
Informatique,Imprimantes et accessoires,https://www.amazon.fr/gp/bestsellers/computers/17414953031/ref=zg_bs_nav_computers_1
Informatique,Mémoire,https://www.amazon.fr/gp/bestsellers/computers/17414957031/ref=zg_bs_nav_computers_1
Informatique,Ordinateurs de bureau,https://www.amazon.fr/gp/bestsellers/computers/427937031/ref=zg_bs_nav_computers_1
Informatique,Ordinateurs portables,https://www.amazon.fr/gp/bestsellers/computers/429879031/ref=zg_bs_nav_computers_1
Informatique,Réseaux,https://www.amazon.fr/gp/bestsellers/computers/427939031/ref=zg_bs_nav_computers_1
Informatique,Scanners et accessoires,https://www.amazon.fr/gp/bestsellers/computers/17414954031/ref=zg_bs_nav_computers_1
Informatique,Serveurs,https://www.amazon.fr/gp/bestsellers/computers/429881031/ref=zg_bs_nav_computers_1
Informatique,Tablettes PC,https://www.amazon.fr/gp/bestsellers/computers/429882031/ref=zg_bs_nav_computers_1
Informatique,Écrans PC,https://www.amazon.fr/gp/bestsellers/computers/427938031/ref=zg_bs_nav_computers_1
Instruments de musique et Sono,Accessoires génériques,https://www.amazon.fr/gp/bestsellers/musical-instruments/421557031/ref=zg_bs_nav_musical-instruments_1
Instruments de musique et Sono,Batteries et percussions,https://www.amazon.fr/gp/bestsellers/musical-instruments/406583031/ref=zg_bs_nav_musical-instruments_1
Instruments de musique et Sono,"Guitares, basses et équipements",https://www.amazon.fr/gp/bestsellers/musical-instruments/20810545031/ref=zg_bs_nav_musical-instruments_1
Instruments de musique et Sono,Home studio et MAO,https://www.amazon.fr/gp/bestsellers/musical-instruments/421651031/ref=zg_bs_nav_musical-instruments_1
Instruments de musique et Sono,Instruments à cordes,https://www.amazon.fr/gp/bestsellers/musical-instruments/421668031/ref=zg_bs_nav_musical-instruments_1
Instruments de musique et Sono,Instruments à vent,https://www.amazon.fr/gp/bestsellers/musical-instruments/421699031/ref=zg_bs_nav_musical-instruments_1
Instruments de musique et Sono,Karaoké,https://www.amazon.fr/gp/bestsellers/musical-instruments/421617031/ref=zg_bs_nav_musical-instruments_1
Instruments de musique et Sono,Microphones et packs,https://www.amazon.fr/gp/bestsellers/musical-instruments/421618031/ref=zg_bs_nav_musical-instruments_1
Instruments de musique et Sono,"Partitions, recueils de chants et paroles",https://www.amazon.fr/gp/bestsellers/musical-instruments/13037371/ref=zg_bs_nav_musical-instruments_1
Instruments de musique et Sono,Pianos et claviers,https://www.amazon.fr/gp/bestsellers/musical-instruments/406582031/ref=zg_bs_nav_musical-instruments_1
Instruments de musique et Sono,Sonorisation et scène,https://www.amazon.fr/gp/bestsellers/musical-instruments/421624031/ref=zg_bs_nav_musical-instruments_1
Instruments de musique et Sono,"Synthétiseurs, samplers et instruments électroniques",https://www.amazon.fr/gp/bestsellers/musical-instruments/421692031/ref=zg_bs_nav_musical-instruments_1
Instruments de musique et Sono,Équipement DJ et VJ,https://www.amazon.fr/gp/bestsellers/musical-instruments/421506031/ref=zg_bs_nav_musical-instruments_1
Jardin,Barbecue et repas en extérieur,https://www.amazon.fr/gp/bestsellers/lawn-garden/4338284031/ref=zg_bs_nav_lawn-garden_1
Jardin,Bassins d'agrément,https://www.amazon.fr/gp/bestsellers/lawn-garden/2036896031/ref=zg_bs_nav_lawn-garden_1
Jardin,Chauffage et refroidissement extérieur,https://www.amazon.fr/gp/bestsellers/lawn-garden/4338285031/ref=zg_bs_nav_lawn-garden_1
Jardin,Décoration d'extérieur,https://www.amazon.fr/gp/bestsellers/lawn-garden/4338286031/ref=zg_bs_nav_lawn-garden_1
Jardin,Déneigement,https://www.amazon.fr/gp/bestsellers/lawn-garden/4338287031/ref=zg_bs_nav_lawn-garden_1
Jardin,Jardinage,https://www.amazon.fr/gp/bestsellers/lawn-garden/4338288031/ref=zg_bs_nav_lawn-garden_1
Jardin,Luminaires extérieur,https://www.amazon.fr/gp/bestsellers/lawn-garden/227255031/ref=zg_bs_nav_lawn-garden_1
Jardin,Matériels d'arrosage et outils pour jardins,https://www.amazon.fr/gp/bestsellers/lawn-garden/26389443031/ref=zg_bs_nav_lawn-garden_1
Jardin,Mobilier de jardin,https://www.amazon.fr/gp/bestsellers/lawn-garden/4338283031/ref=zg_bs_nav_lawn-garden_1
Jardin,Oiseaux et animaux sauvages,https://www.amazon.fr/gp/bestsellers/lawn-garden/2036519031/ref=zg_bs_nav_lawn-garden_1
Jardin,"Piscines, bains à remous et accessoires",https://www.amazon.fr/gp/bestsellers/lawn-garden/4338290031/ref=zg_bs_nav_lawn-garden_1
Jardin,"Plantes, graines et bulbes",https://www.amazon.fr/gp/bestsellers/lawn-garden/4338291031/ref=zg_bs_nav_lawn-garden_1
Jardin,Rangement et stockage extérieurs,https://www.amazon.fr/gp/bestsellers/lawn-garden/4338289031/ref=zg_bs_nav_lawn-garden_1
Jardin,Thermomètres et instruments météorologiques,https://www.amazon.fr/gp/bestsellers/lawn-garden/4338293031/ref=zg_bs_nav_lawn-garden_1
Jardin,Tondeuses et outillage de jardin motorisé,https://www.amazon.fr/gp/bestsellers/lawn-garden/1787882031/ref=zg_bs_nav_lawn-garden_1
Jeux et Jouets,Accessoires de déguisement,https://www.amazon.fr/gp/bestsellers/toys/363533031/ref=zg_bs_nav_toys_1
Jeux et Jouets,Calendriers de l'Avent,https://www.amazon.fr/gp/bestsellers/toys/363765031/ref=zg_bs_nav_toys_1
Jeux et Jouets,Décorations et accessoires de fête,https://www.amazon.fr/gp/bestsellers/toys/363676031/ref=zg_bs_nav_toys_1
Jeux et Jouets,Figurines,https://www.amazon.fr/gp/bestsellers/toys/20378934031/ref=zg_bs_nav_toys_1
Jeux et Jouets,Fournitures scolaires,https://www.amazon.fr/gp/bestsellers/toys/363696031/ref=zg_bs_nav_toys_1
Jeux et Jouets,Instruments de musique,https://www.amazon.fr/gp/bestsellers/toys/363670031/ref=zg_bs_nav_toys_1
Jeux et Jouets,Jeux d'imitation,https://www.amazon.fr/gp/bestsellers/toys/363758031/ref=zg_bs_nav_toys_1
Jeux et Jouets,Jeux de construction,https://www.amazon.fr/gp/bestsellers/toys/363514031/ref=zg_bs_nav_toys_1
Jeux et Jouets,Jeux de plein air et sports,https://www.amazon.fr/gp/bestsellers/toys/363713031/ref=zg_bs_nav_toys_1
Jeux et Jouets,Jeux de société,https://www.amazon.fr/gp/bestsellers/toys/363587031/ref=zg_bs_nav_toys_1
Jeux et Jouets,Jeux éducatifs et scientifiques,https://www.amazon.fr/gp/bestsellers/toys/363560031/ref=zg_bs_nav_toys_1
Jeux et Jouets,Jeux électroniques pour enfants,https://www.amazon.fr/gp/bestsellers/toys/363575031/ref=zg_bs_nav_toys_1
Jeux et Jouets,Jouets d'éveil et 1er âge,https://www.amazon.fr/gp/bestsellers/toys/363496031/ref=zg_bs_nav_toys_1
Jeux et Jouets,Jouets de collection,https://www.amazon.fr/gp/bestsellers/toys/20378936031/ref=zg_bs_nav_toys_1
Jeux et Jouets,Jouets fantaisie et gadgets,https://www.amazon.fr/gp/bestsellers/toys/363603031/ref=zg_bs_nav_toys_1
Jeux et Jouets,Jouets radiocommandés,https://www.amazon.fr/gp/bestsellers/toys/363663031/ref=zg_bs_nav_toys_1
Jeux et Jouets,Loisirs créatifs,https://www.amazon.fr/gp/bestsellers/toys/363481031/ref=zg_bs_nav_toys_1
Jeux et Jouets,Maquettes et modélisme,https://www.amazon.fr/gp/bestsellers/toys/14507350031/ref=zg_bs_nav_toys_1
Jeux et Jouets,Marionnettes et théâtres,https://www.amazon.fr/gp/bestsellers/toys/363683031/ref=zg_bs_nav_toys_1
Jeux et Jouets,Peluches,https://www.amazon.fr/gp/bestsellers/toys/363682031/ref=zg_bs_nav_toys_1
Jeux et Jouets,Poupées et accessoires,https://www.amazon.fr/gp/bestsellers/toys/363543031/ref=zg_bs_nav_toys_1
Jeux et Jouets,Puzzles,https://www.amazon.fr/gp/bestsellers/toys/363689031/ref=zg_bs_nav_toys_1
Jeux et Jouets,Véhicules,https://www.amazon.fr/gp/bestsellers/toys/20378935031/ref=zg_bs_nav_toys_1
Jeux vidéo,Abonnements et cartes prépayées,https://www.amazon.fr/gp/bestsellers/videogames/14135877031/ref=zg_bs_nav_videogames_1
Jeux vidéo,Anciens systèmes,https://www.amazon.fr/gp/bestsellers/videogames/26864502031/ref=zg_bs_nav_videogames_1
Jeux vidéo,Nintendo Switch,https://www.amazon.fr/gp/bestsellers/videogames/12366240031/ref=zg_bs_nav_videogames_1
Jeux vidéo,PC jeux et accessoires,https://www.amazon.fr/gp/bestsellers/videogames/548026/ref=zg_bs_nav_videogames_1
Jeux vidéo,PlayStation 4,https://www.amazon.fr/gp/bestsellers/videogames/2580753031/ref=zg_bs_nav_videogames_1
Jeux vidéo,PlayStation 5,https://www.amazon.fr/gp/bestsellers/videogames/20904281031/ref=zg_bs_nav_videogames_1
Jeux vidéo,Réalité virtuelle,https://www.amazon.fr/gp/bestsellers/videogames/22473144031/ref=zg_bs_nav_videogames_1
Jeux vidéo,Xbox One,https://www.amazon.fr/gp/bestsellers/videogames/2785614031/ref=zg_bs_nav_videogames_1
Jeux vidéo,Xbox Series X,https://www.amazon.fr/gp/bestsellers/videogames/20904298031/ref=zg_bs_nav_videogames_1
Livres,"Actu, Politique et Société",https://www.amazon.fr/gp/bestsellers/books/689215031/ref=zg_bs_nav_books_1
Livres,Adolescents,https://www.amazon.fr/gp/bestsellers/books/4237308031/ref=zg_bs_nav_books_1
Livres,"Art, Musique et Cinéma",https://www.amazon.fr/gp/bestsellers/books/301144/ref=zg_bs_nav_books_1
Livres,Bandes dessinées,https://www.amazon.fr/gp/bestsellers/books/301133/ref=zg_bs_nav_books_1
Livres,Beaux livres,https://www.amazon.fr/gp/bestsellers/books/293136011/ref=zg_bs_nav_books_1
Livres,Calendriers et Agendas,https://www.amazon.fr/gp/bestsellers/books/8434456031/ref=zg_bs_nav_books_1
Livres,Cuisine et Vins,https://www.amazon.fr/gp/bestsellers/books/302050/ref=zg_bs_nav_books_1
Livres,"Dictionnaires, langues et encyclopédies",https://www.amazon.fr/gp/bestsellers/books/301147/ref=zg_bs_nav_books_1
Livres,Droit,https://www.amazon.fr/gp/bestsellers/books/301985/ref=zg_bs_nav_books_1
Livres,Entreprise et Bourse,https://www.amazon.fr/gp/bestsellers/books/301135/ref=zg_bs_nav_books_1
Livres,Erotisme,https://www.amazon.fr/gp/bestsellers/books/573312/ref=zg_bs_nav_books_1
Livres,Etudes supérieures,https://www.amazon.fr/gp/bestsellers/books/3961911/ref=zg_bs_nav_books_1
Livres,"Famille, Santé et Bien-être",https://www.amazon.fr/gp/bestsellers/books/301142/ref=zg_bs_nav_books_1
Livres,Fantasy et Terreur,https://www.amazon.fr/gp/bestsellers/books/301138/ref=zg_bs_nav_books_1
Livres,Histoire,https://www.amazon.fr/gp/bestsellers/books/689214031/ref=zg_bs_nav_books_1
Livres,Humour,https://www.amazon.fr/gp/bestsellers/books/302009/ref=zg_bs_nav_books_1
Livres,Informatique et Internet,https://www.amazon.fr/gp/bestsellers/books/301131/ref=zg_bs_nav_books_1
Livres,Littérature,https://www.amazon.fr/gp/bestsellers/books/301132/ref=zg_bs_nav_books_1
Livres,Livres anglais et étrangers,https://www.amazon.fr/gp/bestsellers/books/92039526031/ref=zg_bs_nav_books_1
Livres,Livres pour enfants,https://www.amazon.fr/gp/bestsellers/books/301137/ref=zg_bs_nav_books_1
Livres,"Loisirs créatifs, décoration et passions",https://www.amazon.fr/gp/bestsellers/books/355635011/ref=zg_bs_nav_books_1
Livres,Manga,https://www.amazon.fr/gp/bestsellers/books/302004/ref=zg_bs_nav_books_1
Livres,Nature et animaux,https://www.amazon.fr/gp/bestsellers/books/355636011/ref=zg_bs_nav_books_1
Livres,Policier et Suspense,https://www.amazon.fr/gp/bestsellers/books/301134/ref=zg_bs_nav_books_1
Livres,Religions et Spiritualités,https://www.amazon.fr/gp/bestsellers/books/301997/ref=zg_bs_nav_books_1
Livres,Romance et littérature sentimentale,https://www.amazon.fr/gp/bestsellers/books/302042/ref=zg_bs_nav_books_1
Livres,"Santé, Forme et Diététique",https://www.amazon.fr/gp/bestsellers/books/12641896031/ref=zg_bs_nav_books_1
Livres,Science-Fiction,https://www.amazon.fr/gp/bestsellers/books/1381962031/ref=zg_bs_nav_books_1
Livres,Sciences humaines,https://www.amazon.fr/gp/bestsellers/books/301139/ref=zg_bs_nav_books_1
Livres,"Sciences, Techniques et Médecine",https://www.amazon.fr/gp/bestsellers/books/301141/ref=zg_bs_nav_books_1
Livres,Scolaire et Parascolaire,https://www.amazon.fr/gp/bestsellers/books/301146/ref=zg_bs_nav_books_1
Livres,Sports,https://www.amazon.fr/gp/bestsellers/books/302049/ref=zg_bs_nav_books_1
Livres,Tourisme et Voyages,https://www.amazon.fr/gp/bestsellers/books/302051/ref=zg_bs_nav_books_1
Livres,Ésotérisme et Paranormal,https://www.amazon.fr/gp/bestsellers/books/406310/ref=zg_bs_nav_books_1
Logiciels,Antivirus et sécurité,https://www.amazon.fr/gp/bestsellers/software/3795781/ref=zg_bs_nav_software_1
Logiciels,Bureautique et professionnels,https://www.amazon.fr/gp/bestsellers/software/547982/ref=zg_bs_nav_software_1
Logiciels,Développement web et programmation,https://www.amazon.fr/gp/bestsellers/software/3795951/ref=zg_bs_nav_software_1
Logiciels,Finance et compatibilité,https://www.amazon.fr/gp/bestsellers/software/3796101/ref=zg_bs_nav_software_1
Logiciels,Impôts et fiscalité,https://www.amazon.fr/gp/bestsellers/software/14524090031/ref=zg_bs_nav_software_1
Logiciels,Langues et voyages,https://www.amazon.fr/gp/bestsellers/software/14524086031/ref=zg_bs_nav_software_1
Logiciels,Logiciel pour enfants,https://www.amazon.fr/gp/bestsellers/software/14524084031/ref=zg_bs_nav_software_1
Logiciels,Loisirs et vie pratique,https://www.amazon.fr/gp/bestsellers/software/547980/ref=zg_bs_nav_software_1
Logiciels,Musique,https://www.amazon.fr/gp/bestsellers/software/3795921/ref=zg_bs_nav_software_1
Logiciels,Photo et conception graphique,https://www.amazon.fr/gp/bestsellers/software/547984/ref=zg_bs_nav_software_1
Logiciels,Réseaux et serveurs,https://www.amazon.fr/gp/bestsellers/software/3796021/ref=zg_bs_nav_software_1
Logiciels,Systèmes d'exploitation,https://www.amazon.fr/gp/bestsellers/software/3796161/ref=zg_bs_nav_software_1
Logiciels,Utilitaires système,https://www.amazon.fr/gp/bestsellers/software/14524089031/ref=zg_bs_nav_software_1
Logiciels,Vidéo,https://www.amazon.fr/gp/bestsellers/software/557590/ref=zg_bs_nav_software_1
Logiciels,Éducation et culture,https://www.amazon.fr/gp/bestsellers/software/547976/ref=zg_bs_nav_software_1
Luminaires et Éclairage,Ampoules,https://www.amazon.fr/gp/bestsellers/lighting/227257031/ref=zg_bs_nav_lighting_1
Luminaires et Éclairage,Luminaires extérieur,https://www.amazon.fr/gp/bestsellers/lighting/227255031/ref=zg_bs_nav_lighting_1
Luminaires et Éclairage,Luminaires intérieur,https://www.amazon.fr/gp/bestsellers/lighting/68994031/ref=zg_bs_nav_lighting_1
Luminaires et Éclairage,Tubes lumineux,https://www.amazon.fr/gp/bestsellers/lighting/3772340031/ref=zg_bs_nav_lighting_1
Luminaires et Éclairage,Éclairage de Noël,https://www.amazon.fr/gp/bestsellers/lighting/3772289031/ref=zg_bs_nav_lighting_1
Luminaires et Éclairage,Éclairage de salle de bain,https://www.amazon.fr/gp/bestsellers/lighting/248369031/ref=zg_bs_nav_lighting_1
Mode,"Accessoires chaussures, bijoux et montres",https://www.amazon.fr/gp/bestsellers/fashion/12422077031/ref=zg_bs_nav_fashion_1
Mode,"Bagages, sacs de voyage et accessoires",https://www.amazon.fr/gp/bestsellers/fashion/12710828031/ref=zg_bs_nav_fashion_1
Mode,Bijoux fantaisie,https://www.amazon.fr/gp/bestsellers/fashion/5845280031/ref=zg_bs_nav_fashion_1
Mode,Bébé,https://www.amazon.fr/gp/bestsellers/fashion/12422076031/ref=zg_bs_nav_fashion_1
Mode,Femme,https://www.amazon.fr/gp/bestsellers/fashion/12422072031/ref=zg_bs_nav_fashion_1
Mode,Fille,https://www.amazon.fr/gp/bestsellers/fashion/12422074031/ref=zg_bs_nav_fashion_1
Mode,Garçon,https://www.amazon.fr/gp/bestsellers/fashion/12422075031/ref=zg_bs_nav_fashion_1
Mode,Homme,https://www.amazon.fr/gp/bestsellers/fashion/12422073031/ref=zg_bs_nav_fashion_1
Mode,Vêtements de sport spécialisés,https://www.amazon.fr/gp/bestsellers/fashion/26984257031/ref=zg_bs_nav_fashion_1
Mode,Vêtements techniques et spéciaux,https://www.amazon.fr/gp/bestsellers/fashion/436564031/ref=zg_bs_nav_fashion_1
Nouveautés dénichées,Beauté et santé,https://www.amazon.fr/gp/bestsellers/boost/26231095031/ref=zg_bs_nav_boost_1
Nouveautés dénichées,Cuisine,https://www.amazon.fr/gp/bestsellers/boost/26231122031/ref=zg_bs_nav_boost_1
Nouveautés dénichées,High-Tech,https://www.amazon.fr/gp/bestsellers/boost/26231103031/ref=zg_bs_nav_boost_1
Nouveautés dénichées,Jouets et bébés,https://www.amazon.fr/gp/bestsellers/boost/26231128031/ref=zg_bs_nav_boost_1
Nouveautés dénichées,Maison,https://www.amazon.fr/gp/bestsellers/boost/26231115031/ref=zg_bs_nav_boost_1
Nouveautés dénichées,Mode et accessoires,https://www.amazon.fr/gp/bestsellers/boost/26231099031/ref=zg_bs_nav_boost_1
Nouveautés dénichées,Sport et extérieur,https://www.amazon.fr/gp/bestsellers/boost/26231125031/ref=zg_bs_nav_boost_1
Nouveautés dénichées,Épicerie,https://www.amazon.fr/gp/bestsellers/boost/26231111031/ref=zg_bs_nav_boost_1
Produits Handmade,Accessoires électroniques,https://www.amazon.fr/gp/bestsellers/handmade/10737092031/ref=zg_bs_nav_handmade_1
Produits Handmade,Beauté et soins,https://www.amazon.fr/gp/bestsellers/handmade/14444775031/ref=zg_bs_nav_handmade_1
Produits Handmade,Bijoux,https://www.amazon.fr/gp/bestsellers/handmade/10737094031/ref=zg_bs_nav_handmade_1
Produits Handmade,Bébé et puériculture,https://www.amazon.fr/gp/bestsellers/handmade/10737095031/ref=zg_bs_nav_handmade_1
Produits Handmade,Fournitures de bureau et articles de fête,https://www.amazon.fr/gp/bestsellers/handmade/10737096031/ref=zg_bs_nav_handmade_1
Produits Handmade,Fournitures pour animaux de compagnie,https://www.amazon.fr/gp/bestsellers/handmade/10737097031/ref=zg_bs_nav_handmade_1
Produits Handmade,Jeux et jouets,https://www.amazon.fr/gp/bestsellers/handmade/10737098031/ref=zg_bs_nav_handmade_1
Produits Handmade,Maison et cuisine,https://www.amazon.fr/gp/bestsellers/handmade/10737099031/ref=zg_bs_nav_handmade_1
Produits Handmade,Sports et plein air,https://www.amazon.fr/gp/bestsellers/handmade/10737102031/ref=zg_bs_nav_handmade_1
Produits Handmade,"Vêtements, chaussures et accessoires",https://www.amazon.fr/gp/bestsellers/handmade/10737100031/ref=zg_bs_nav_handmade_1
Produits Handmade,Éclairage,https://www.amazon.fr/gp/bestsellers/handmade/10737101031/ref=zg_bs_nav_handmade_1
Sports et Loisirs,Accessoires de sports,https://www.amazon.fr/gp/bestsellers/sports/19076599031/ref=zg_bs_nav_sports_1
Sports et Loisirs,Airsoft,https://www.amazon.fr/gp/bestsellers/sports/485621031/ref=zg_bs_nav_sports_1
Sports et Loisirs,Athlétisme,https://www.amazon.fr/gp/bestsellers/sports/339966031/ref=zg_bs_nav_sports_1
Sports et Loisirs,Badminton,https://www.amazon.fr/gp/bestsellers/sports/339736031/ref=zg_bs_nav_sports_1
Sports et Loisirs,Base-ball,https://www.amazon.fr/gp/bestsellers/sports/339746031/ref=zg_bs_nav_sports_1
Sports et Loisirs,Basket-ball,https://www.amazon.fr/gp/bestsellers/sports/339756031/ref=zg_bs_nav_sports_1
Sports et Loisirs,Billards,https://www.amazon.fr/gp/bestsellers/sports/339766031/ref=zg_bs_nav_sports_1
Sports et Loisirs,Billetterie,https://www.amazon.fr/gp/bestsellers/sports/339857031/ref=zg_bs_nav_sports_1
Sports et Loisirs,Boutique du supporter,https://www.amazon.fr/gp/bestsellers/sports/489457031/ref=zg_bs_nav_sports_1
Sports et Loisirs,Bowling,https://www.amazon.fr/gp/bestsellers/sports/339785031/ref=zg_bs_nav_sports_1
Sports et Loisirs,Boxe,https://www.amazon.fr/gp/bestsellers/sports/339789031/ref=zg_bs_nav_sports_1
Sports et Loisirs,Camping et randonnée,https://www.amazon.fr/gp/bestsellers/sports/339808031/ref=zg_bs_nav_sports_1
Sports et Loisirs,Catch,https://www.amazon.fr/gp/bestsellers/sports/459502031/ref=zg_bs_nav_sports_1
Sports et Loisirs,Cricket,https://www.amazon.fr/gp/bestsellers/sports/459398031/ref=zg_bs_nav_sports_1
Sports et Loisirs,Cyclisme,https://www.amazon.fr/gp/bestsellers/sports/340001031/ref=zg_bs_nav_sports_1
Sports et Loisirs,Danse,https://www.amazon.fr/gp/bestsellers/sports/365124031/ref=zg_bs_nav_sports_1
Sports et Loisirs,Divers jeux,https://www.amazon.fr/gp/bestsellers/sports/339882031/ref=zg_bs_nav_sports_1
Sports et Loisirs,Escalade,https://www.amazon.fr/gp/bestsellers/sports/485879031/ref=zg_bs_nav_sports_1
Sports et Loisirs,Escrime,https://www.amazon.fr/gp/bestsellers/sports/459425031/ref=zg_bs_nav_sports_1
Sports et Loisirs,Fitness et Musculation,https://www.amazon.fr/gp/bestsellers/sports/339867031/ref=zg_bs_nav_sports_1
Sports et Loisirs,Fléchettes,https://www.amazon.fr/gp/bestsellers/sports/339841031/ref=zg_bs_nav_sports_1
Sports et Loisirs,Football,https://www.amazon.fr/gp/bestsellers/sports/339892031/ref=zg_bs_nav_sports_1
Sports et Loisirs,Football américain,https://www.amazon.fr/gp/bestsellers/sports/486086031/ref=zg_bs_nav_sports_1
Sports et Loisirs,Golf,https://www.amazon.fr/gp/bestsellers/sports/339903031/ref=zg_bs_nav_sports_1
Sports et Loisirs,Gymnastique,https://www.amazon.fr/gp/bestsellers/sports/486135031/ref=zg_bs_nav_sports_1
Sports et Loisirs,Handball,https://www.amazon.fr/gp/bestsellers/sports/339917031/ref=zg_bs_nav_sports_1
Sports et Loisirs,Hockey sur gazon,https://www.amazon.fr/gp/bestsellers/sports/339858031/ref=zg_bs_nav_sports_1
Sports et Loisirs,Indiaca,https://www.amazon.fr/gp/bestsellers/sports/339887031/ref=zg_bs_nav_sports_1
Sports et Loisirs,Lacrosse,https://www.amazon.fr/gp/bestsellers/sports/488211031/ref=zg_bs_nav_sports_1
Sports et Loisirs,Netball,https://www.amazon.fr/gp/bestsellers/sports/459439031/ref=zg_bs_nav_sports_1
Sports et Loisirs,Paintball,https://www.amazon.fr/gp/bestsellers/sports/339779031/ref=zg_bs_nav_sports_1
Sports et Loisirs,Pom-pom girls,https://www.amazon.fr/gp/bestsellers/sports/459393031/ref=zg_bs_nav_sports_1
Sports et Loisirs,Pêche,https://www.amazon.fr/gp/bestsellers/sports/339712031/ref=zg_bs_nav_sports_1
Sports et Loisirs,Racquetball,https://www.amazon.fr/gp/bestsellers/sports/459444031/ref=zg_bs_nav_sports_1
Sports et Loisirs,Rinkhockey,https://www.amazon.fr/gp/bestsellers/sports/488270031/ref=zg_bs_nav_sports_1
Sports et Loisirs,Rollers en ligne et patins à roulettes,https://www.amazon.fr/gp/bestsellers/sports/488202031/ref=zg_bs_nav_sports_1
Sports et Loisirs,Rugby,https://www.amazon.fr/gp/bestsellers/sports/459449031/ref=zg_bs_nav_sports_1
Sports et Loisirs,Running,https://www.amazon.fr/gp/bestsellers/sports/340029031/ref=zg_bs_nav_sports_1
Sports et Loisirs,Sacs de sport,https://www.amazon.fr/gp/bestsellers/sports/1765034031/ref=zg_bs_nav_sports_1
Sports et Loisirs,Skateboard,https://www.amazon.fr/gp/bestsellers/sports/488286031/ref=zg_bs_nav_sports_1
Sports et Loisirs,Snooker,https://www.amazon.fr/gp/bestsellers/sports/489401031/ref=zg_bs_nav_sports_1
Sports et Loisirs,Sport de combat,https://www.amazon.fr/gp/bestsellers/sports/493282031/ref=zg_bs_nav_sports_1
Sports et Loisirs,Sport de disque,https://www.amazon.fr/gp/bestsellers/sports/459413031/ref=zg_bs_nav_sports_1
Sports et Loisirs,Sports d'hiver,https://www.amazon.fr/gp/bestsellers/sports/3055268031/ref=zg_bs_nav_sports_1
Sports et Loisirs,Sports nautiques,https://www.amazon.fr/gp/bestsellers/sports/3795566031/ref=zg_bs_nav_sports_1
Sports et Loisirs,Sports sur gazon,https://www.amazon.fr/gp/bestsellers/sports/489413031/ref=zg_bs_nav_sports_1
Sports et Loisirs,Squash,https://www.amazon.fr/gp/bestsellers/sports/340112031/ref=zg_bs_nav_sports_1
Sports et Loisirs,Tennis,https://www.amazon.fr/gp/bestsellers/sports/340139031/ref=zg_bs_nav_sports_1
Sports et Loisirs,Tennis de table,https://www.amazon.fr/gp/bestsellers/sports/340154031/ref=zg_bs_nav_sports_1
Sports et Loisirs,Tir à l'arc,https://www.amazon.fr/gp/bestsellers/sports/339775031/ref=zg_bs_nav_sports_1
Sports et Loisirs,Trophées,https://www.amazon.fr/gp/bestsellers/sports/339985031/ref=zg_bs_nav_sports_1
Sports et Loisirs,Trottinettes et équipement,https://www.amazon.fr/gp/bestsellers/sports/488284031/ref=zg_bs_nav_sports_1
Sports et Loisirs,Volleyball,https://www.amazon.fr/gp/bestsellers/sports/340164031/ref=zg_bs_nav_sports_1
Sports et Loisirs,Vêtements de sport,https://www.amazon.fr/gp/bestsellers/sports/1610709031/ref=zg_bs_nav_sports_1
Sports et Loisirs,Électronique,https://www.amazon.fr/gp/bestsellers/sports/339998031/ref=zg_bs_nav_sports_1
Sports et Loisirs,Équitation,https://www.amazon.fr/gp/bestsellers/sports/340010031/ref=zg_bs_nav_sports_1
